13/03/2023 13:25:23, UserButton, 1
13/03/2023 13:25:28, UserButton, 1
13/03/2023 13:25:33, UserButton, 1
13/03/2023 13:25:38, UserButton, 1
13/03/2023 13:25:43, UserButton, 1
13/03/2023 13:25:48, UserButton, 1
13/03/2023 13:25:53, UserButton, 1
13/03/2023 13:25:58, UserButton, 1
13/03/2023 13:26:03, UserButton, 1
13/03/2023 13:26:08, UserButton, 1
13/03/2023 13:26:13, UserButton, 1
13/03/2023 13:26:18, UserButton, 1
13/03/2023 13:26:23, UserButton, 1
13/03/2023 13:26:28, UserButton, 1
13/03/2023 13:26:33, UserButton, 1
13/03/2023 13:26:38, UserButton, 1
13/03/2023 13:26:43, UserButton, 1
13/03/2023 13:26:48, UserButton, 1
13/03/2023 13:26:53, UserButton, 1
13/03/2023 13:26:58, UserButton, 1
13/03/2023 13:27:03, UserButton, 1
13/03/2023 13:27:08, UserButton, 1
13/03/2023 13:27:13, UserButton, 1
13/03/2023 13:27:18, UserButton, 1
13/03/2023 13:27:23, UserButton, 1
13/03/2023 13:27:28, UserButton, 1
13/03/2023 13:27:33, UserButton, 1
13/03/2023 13:27:38, UserButton, 1
13/03/2023 13:27:43, UserButton, 1
13/03/2023 13:27:48, UserButton, 1
13/03/2023 13:27:53, UserButton, 1
13/03/2023 13:27:58, UserButton, 1
13/03/2023 13:28:03, UserButton, 1
13/03/2023 13:28:08, UserButton, 1
13/03/2023 13:28:13, UserButton, 1
13/03/2023 13:28:18, UserButton, 1
13/03/2023 13:28:23, UserButton, 1
13/03/2023 13:28:28, UserButton, 1
13/03/2023 13:28:33, UserButton, 1
13/03/2023 13:28:38, UserButton, 1
13/03/2023 13:28:43, UserButton, 1
13/03/2023 13:28:48, UserButton, 1
13/03/2023 13:28:53, UserButton, 1
13/03/2023 13:28:58, UserButton, 1
13/03/2023 13:29:03, UserButton, 1
13/03/2023 13:29:08, UserButton, 1
13/03/2023 13:29:13, UserButton, 1
13/03/2023 13:29:18, UserButton, 1
13/03/2023 13:29:23, UserButton, 1
13/03/2023 13:29:28, UserButton, 1
13/03/2023 13:29:33, UserButton, 1
13/03/2023 13:29:38, UserButton, 1
13/03/2023 13:29:43, UserButton, 1
13/03/2023 13:29:48, UserButton, 1
13/03/2023 13:29:53, UserButton, 1
13/03/2023 13:29:58, UserButton, 1
13/03/2023 13:30:03, UserButton, 1
13/03/2023 13:30:08, UserButton, 1
13/03/2023 13:30:13, UserButton, 1
13/03/2023 13:30:18, UserButton, 1
13/03/2023 13:30:23, UserButton, 1
13/03/2023 13:30:28, UserButton, 1
13/03/2023 13:30:33, UserButton, 1
13/03/2023 13:30:38, UserButton, 1
13/03/2023 13:30:43, UserButton, 1
13/03/2023 13:30:48, UserButton, 1
13/03/2023 13:30:53, UserButton, 1
13/03/2023 13:30:58, UserButton, 1
13/03/2023 13:31:03, UserButton, 1
13/03/2023 13:31:08, UserButton, 1
13/03/2023 13:31:13, UserButton, 1
13/03/2023 13:31:18, UserButton, 1
13/03/2023 13:31:23, UserButton, 1
13/03/2023 13:31:28, UserButton, 1
13/03/2023 13:31:33, UserButton, 1
13/03/2023 13:31:38, UserButton, 1
13/03/2023 13:31:43, UserButton, 1
13/03/2023 13:31:48, UserButton, 1
13/03/2023 13:31:53, UserButton, 1
13/03/2023 13:31:58, UserButton, 1
13/03/2023 13:32:03, UserButton, 1
13/03/2023 13:32:08, UserButton, 1
13/03/2023 13:32:13, UserButton, 1
13/03/2023 13:32:18, UserButton, 1
13/03/2023 13:32:23, UserButton, 1
13/03/2023 13:32:28, UserButton, 1
13/03/2023 13:32:33, UserButton, 1
13/03/2023 13:32:38, UserButton, 1
13/03/2023 13:32:43, UserButton, 1
13/03/2023 13:32:48, UserButton, 1
13/03/2023 13:32:53, UserButton, 1
13/03/2023 13:32:58, UserButton, 1
13/03/2023 13:33:03, UserButton, 1
13/03/2023 13:33:08, UserButton, 1
13/03/2023 13:33:13, UserButton, 1
13/03/2023 13:33:18, UserButton, 1
13/03/2023 13:33:23, UserButton, 1
13/03/2023 13:33:28, UserButton, 1
13/03/2023 13:33:33, UserButton, 1
13/03/2023 13:33:38, UserButton, 1
13/03/2023 13:33:43, UserButton, 1
13/03/2023 13:33:48, UserButton, 1
13/03/2023 13:33:53, UserButton, 1
13/03/2023 13:33:58, UserButton, 1
13/03/2023 13:34:03, UserButton, 1
13/03/2023 13:34:08, UserButton, 1
13/03/2023 13:34:13, UserButton, 1
13/03/2023 13:34:18, UserButton, 1
13/03/2023 13:34:23, UserButton, 1
13/03/2023 13:34:28, UserButton, 1
13/03/2023 13:34:33, UserButton, 1
13/03/2023 13:34:38, UserButton, 1
13/03/2023 13:34:43, UserButton, 1
13/03/2023 13:34:48, UserButton, 1
13/03/2023 13:34:53, UserButton, 1
13/03/2023 13:34:58, UserButton, 1
13/03/2023 13:35:03, UserButton, 1
13/03/2023 13:35:08, UserButton, 1
13/03/2023 13:35:13, UserButton, 1
13/03/2023 13:35:18, UserButton, 1
13/03/2023 13:35:23, UserButton, 1
13/03/2023 13:35:28, UserButton, 1
13/03/2023 13:35:33, UserButton, 1
13/03/2023 13:35:38, UserButton, 1
13/03/2023 13:35:43, UserButton, 1
13/03/2023 13:35:48, UserButton, 1
13/03/2023 13:35:53, UserButton, 1
13/03/2023 13:35:58, UserButton, 1
13/03/2023 13:36:03, UserButton, 1
13/03/2023 13:36:08, UserButton, 1
13/03/2023 13:36:13, UserButton, 1
13/03/2023 13:36:18, UserButton, 1
13/03/2023 13:36:23, UserButton, 1
13/03/2023 13:36:28, UserButton, 1
13/03/2023 13:36:33, UserButton, 1
13/03/2023 13:36:38, UserButton, 1
13/03/2023 13:36:43, UserButton, 1
13/03/2023 13:36:48, UserButton, 1
13/03/2023 13:36:53, UserButton, 1
13/03/2023 13:36:58, UserButton, 1
13/03/2023 13:37:03, UserButton, 1
13/03/2023 13:37:08, UserButton, 1
13/03/2023 13:37:13, UserButton, 1
13/03/2023 13:37:18, UserButton, 1
13/03/2023 13:37:23, UserButton, 1
13/03/2023 13:37:28, UserButton, 1
13/03/2023 13:37:33, UserButton, 1
13/03/2023 13:37:38, UserButton, 1
13/03/2023 13:37:43, UserButton, 1
13/03/2023 13:37:48, UserButton, 1
13/03/2023 13:37:53, UserButton, 1
13/03/2023 13:37:58, UserButton, 1
13/03/2023 13:38:03, UserButton, 1
13/03/2023 13:38:08, UserButton, 1
13/03/2023 13:38:13, UserButton, 1
13/03/2023 13:38:18, UserButton, 1
13/03/2023 13:38:23, UserButton, 1
13/03/2023 13:38:28, UserButton, 1
13/03/2023 13:38:33, UserButton, 1
13/03/2023 13:38:37, UserButton, 1
13/03/2023 13:38:43, UserButton, 1
13/03/2023 13:38:47, UserButton, 1
13/03/2023 13:38:53, UserButton, 1
13/03/2023 13:38:57, UserButton, 1
13/03/2023 13:39:03, UserButton, 1
13/03/2023 13:39:07, UserButton, 1
13/03/2023 13:39:12, UserButton, 1
13/03/2023 13:39:17, UserButton, 1
13/03/2023 13:39:22, UserButton, 1
13/03/2023 13:39:27, UserButton, 1
13/03/2023 13:39:32, UserButton, 1
13/03/2023 13:39:37, UserButton, 1
13/03/2023 13:39:42, UserButton, 1
13/03/2023 13:39:47, UserButton, 1
13/03/2023 13:39:52, UserButton, 1
13/03/2023 13:39:57, UserButton, 1
13/03/2023 13:40:02, UserButton, 1
13/03/2023 13:40:07, UserButton, 1
13/03/2023 13:40:12, UserButton, 1
13/03/2023 13:40:17, UserButton, 1
13/03/2023 13:40:22, UserButton, 1
13/03/2023 13:40:27, UserButton, 1
13/03/2023 13:40:32, UserButton, 1
13/03/2023 13:40:37, UserButton, 1
13/03/2023 13:40:42, UserButton, 1
13/03/2023 13:40:47, UserButton, 1
13/03/2023 13:40:52, UserButton, 1
13/03/2023 13:40:57, UserButton, 1
13/03/2023 13:41:02, UserButton, 1
13/03/2023 13:41:07, UserButton, 1
13/03/2023 13:41:12, UserButton, 1
13/03/2023 13:41:17, UserButton, 0
13/03/2023 13:41:17, UserButton, 1
13/03/2023 13:41:17, UserButton, 1
13/03/2023 13:41:18, UserButton, 0
13/03/2023 13:41:18, UserButton, 1
13/03/2023 13:41:22, UserButton, 1
13/03/2023 13:41:27, UserButton, 1
13/03/2023 13:41:32, UserButton, 1
13/03/2023 13:41:37, UserButton, 1
13/03/2023 13:41:42, UserButton, 1
13/03/2023 13:41:47, UserButton, 1
13/03/2023 13:41:52, UserButton, 1
13/03/2023 13:41:57, UserButton, 1
13/03/2023 13:42:02, UserButton, 1
13/03/2023 13:42:07, UserButton, 1
13/03/2023 13:42:12, UserButton, 1
13/03/2023 13:42:17, UserButton, 1
13/03/2023 13:42:22, UserButton, 1
13/03/2023 13:42:27, UserButton, 1
13/03/2023 13:42:32, UserButton, 1
13/03/2023 13:42:37, UserButton, 1
13/03/2023 13:42:42, UserButton, 1
13/03/2023 13:42:47, UserButton, 1
13/03/2023 13:42:52, UserButton, 1
13/03/2023 13:42:57, UserButton, 1
13/03/2023 13:43:02, UserButton, 1
13/03/2023 13:43:07, UserButton, 1
13/03/2023 13:43:12, UserButton, 1
13/03/2023 13:43:17, UserButton, 1
13/03/2023 13:43:22, UserButton, 1
13/03/2023 13:43:27, UserButton, 1
13/03/2023 13:43:32, UserButton, 1
13/03/2023 13:43:37, UserButton, 1
13/03/2023 13:43:40, UserButton, 0
13/03/2023 13:43:40, UserButton, 1
13/03/2023 13:43:41, UserButton, 0
13/03/2023 13:43:41, UserButton, 1
13/03/2023 13:43:41, UserButton, 0
13/03/2023 13:43:41, UserButton, 1
13/03/2023 13:43:41, UserButton, 0
13/03/2023 13:43:41, UserButton, 1
13/03/2023 13:43:42, UserButton, 0
13/03/2023 13:43:42, UserButton, 1
13/03/2023 13:43:42, UserButton, 1
13/03/2023 13:43:47, UserButton, 1
13/03/2023 13:43:52, UserButton, 1
13/03/2023 13:43:57, UserButton, 1
13/03/2023 13:44:02, UserButton, 1
13/03/2023 13:44:07, UserButton, 1
13/03/2023 13:44:11, UserButton, 0
13/03/2023 13:44:12, UserButton, 1
13/03/2023 13:44:12, UserButton, 0
13/03/2023 13:44:12, UserButton, 0
13/03/2023 13:44:12, UserButton, 0
13/03/2023 13:44:12, UserButton, 1
13/03/2023 13:44:12, UserButton, 0
13/03/2023 13:44:12, UserButton, 1
13/03/2023 13:44:12, UserButton, 1
13/03/2023 13:44:13, UserButton, 0
13/03/2023 13:44:13, UserButton, 1
13/03/2023 13:44:13, UserButton, 0
13/03/2023 13:44:13, UserButton, 1
13/03/2023 13:44:17, UserButton, 1
13/03/2023 13:44:22, UserButton, 1
13/03/2023 13:44:27, UserButton, 1
13/03/2023 13:44:32, UserButton, 1
13/03/2023 13:44:37, UserButton, 1
13/03/2023 13:44:42, UserButton, 1
13/03/2023 13:44:47, UserButton, 1
13/03/2023 13:44:52, UserButton, 1
13/03/2023 13:44:57, UserButton, 1
13/03/2023 13:45:02, UserButton, 1
13/03/2023 13:45:07, UserButton, 1
13/03/2023 13:45:12, UserButton, 1
13/03/2023 13:45:17, UserButton, 1
13/03/2023 13:45:22, UserButton, 1
13/03/2023 13:45:27, UserButton, 1
13/03/2023 13:45:32, UserButton, 1
13/03/2023 13:45:37, UserButton, 1
13/03/2023 13:45:42, UserButton, 1
13/03/2023 13:45:47, UserButton, 1
13/03/2023 13:45:52, UserButton, 1
13/03/2023 13:45:57, UserButton, 1
13/03/2023 13:46:02, UserButton, 1
13/03/2023 13:46:07, UserButton, 1
13/03/2023 13:46:12, UserButton, 1
13/03/2023 13:46:17, UserButton, 1
